-- phpMyAdmin SQL Dump
-- version 4.8.5
-- https://www.phpmyadmin.net/
--
-- Servidor: localhost:8889
-- Tiempo de generación: 25-10-2019 a las 15:45:37
-- Versión del servidor: 5.7.25
-- Versión de PHP: 7.3.1

SET SQL_MODE = "NO_AUTO_VALUE_ON_ZERO";
SET time_zone = "+00:00";

--
-- Base de datos: `omw`
--
CREATE DATABASE IF NOT EXISTS `omw` DEFAULT CHARACTER SET utf8 COLLATE utf8_general_ci;
USE `omw`;

-- --------------------------------------------------------

--
-- Estructura de tabla para la tabla `conductor`
--

DROP TABLE IF EXISTS `conductor`;
CREATE TABLE IF NOT EXISTS `conductor` (
  `id_conductor` int(11) NOT NULL AUTO_INCREMENT,
  `nombre` varchar(75) NOT NULL,
  `correo` varchar(150) NOT NULL,
  `password` varchar(300) NOT NULL,
  `telefono` varchar(10) NOT NULL,
  `matricula` varchar(11) NOT NULL,
  `foto_credencial` varchar(250) NULL,
  `foto_perfil` varchar(250) NULL,
  `numero_placa` varchar(10) NOT NULL,
  `id_modelo` int(11) NOT NULL,
  `id_marca` int(11) NOT NULL,
  `color_auto` varchar(50) NOT NULL,
  `estatus` varchar(50) NOT NULL DEFAULT 'Inactivo',
  PRIMARY KEY (`id_conductor`),
  UNIQUE KEY `uc_correo` (`correo`)
) ENGINE=InnoDB DEFAULT CHARSET=utf8;

-- --------------------------------------------------------

--
-- Estructura de tabla para la tabla `marca`
--

DROP TABLE IF EXISTS `marca`;
CREATE TABLE IF NOT EXISTS `marca` (
  `id_marca` int(11) NOT NULL AUTO_INCREMENT,
  `nombre` varchar(100) NOT NULL,
  PRIMARY KEY (`id_marca`)
) ENGINE=InnoDB DEFAULT CHARSET=utf8;

-- --------------------------------------------------------

--
-- Estructura de tabla para la tabla `modelo`
--

DROP TABLE IF EXISTS `modelo`;
CREATE TABLE IF NOT EXISTS `modelo` (
  `id_modelo` int(11) NOT NULL AUTO_INCREMENT,
  `id_marca` int(11),
  `nombre` varchar(100) NOT NULL,
  PRIMARY KEY (`id_modelo`)
) ENGINE=InnoDB DEFAULT CHARSET=utf8;

-- --------------------------------------------------------

--
-- Estructura de tabla para la tabla `pasajero`
--

DROP TABLE IF EXISTS `pasajero`;
CREATE TABLE IF NOT EXISTS `pasajero` (
  `id_pasajero` int(11) NOT NULL AUTO_INCREMENT,
  `nombre` varchar(50) NOT NULL,
  `correo` varchar(150) NOT NULL,
  `password` varchar(300) NOT NULL,
  `telefono` varchar(10) NOT NULL,
  `matricula` varchar(11) NOT NULL,
  `foto_credencial` varchar(250) NULL,
  `foto_perfil` varchar(250) NULL,
  `estatus` varchar(50) NOT NULL DEFAULT 'Inactivo',
  PRIMARY KEY (`id_pasajero`),
  UNIQUE KEY `uc_pasajero_correo` (`correo`)
) ENGINE=InnoDB DEFAULT CHARSET=utf8;

-- --------------------------------------------------------

--
-- Estructura de tabla para la tabla `ruta_conductor`
--

DROP TABLE IF EXISTS `ruta_conductor`;
CREATE TABLE IF NOT EXISTS `ruta_conductor` (
  `id_ruta_conductor` int(11) NOT NULL AUTO_INCREMENT,
  `id_conductor` int(11) NOT NULL,
  `ruta_escuela` varchar(50) NOT NULL,
  `ruta_casa` varchar(250) NOT NULL,
  `fecha_hora` timestamp NOT NULL DEFAULT CURRENT_TIMESTAMP,
  `numero_espacio` int(2) NOT NULL,
  `precio` int(4) NOT NULL,
  `status` varchar(15) NOT NULL,
  PRIMARY KEY (`id_ruta_conductor`)
) ENGINE=InnoDB DEFAULT CHARSET=utf8;

-- --------------------------------------------------------

--
-- Estructura de tabla para la tabla `ruta_pasajero`
--

DROP TABLE IF EXISTS `ruta_pasajero`;
CREATE TABLE IF NOT EXISTS `ruta_pasajero` (
  `id_ruta_pasajero` int(11) NOT NULL AUTO_INCREMENT,
  `id_pasajero` int(11) NOT NULL,
  `ruta_escuela` varchar(50) NOT NULL,
  `ruta_casa` varchar(250) NOT NULL,
  `fecha_hora` timestamp NOT NULL DEFAULT CURRENT_TIMESTAMP,
  PRIMARY KEY (`id_ruta_pasajero`)
) ENGINE=InnoDB DEFAULT CHARSET=utf8;

-- --------------------------------------------------------

--
-- Estructura de tabla para la tabla `viaje`
--

DROP TABLE IF EXISTS `viaje`;
CREATE TABLE IF NOT EXISTS `viaje` (
  `id_viaje` int(11) NOT NULL AUTO_INCREMENT,
  `id_ruta_pasajero` int(11) NOT NULL,
  `id_ruta_conductor` int(11) NOT NULL,
  `status` varchar(250) NOT NULL,
  PRIMARY KEY (`id_viaje`)
) ENGINE=InnoDB DEFAULT CHARSET=utf8;

--
-- Estructura de tabla para la tabla `id_coordenada`
--

DROP TABLE IF EXISTS `coordenada_escuela`;
CREATE TABLE IF NOT EXISTS `coordenada_escuela` (
  `id_coordenada` int(11) NOT NULL AUTO_INCREMENT,
  `nombre_coordenada` varchar(100) NOT NULL,
  `lat_lon` varchar(50) NOT NULL,
  PRIMARY KEY (`id_coordenada`)
) ENGINE=InnoDB DEFAULT CHARSET=utf8;

--
-- Estructura de tabla para la tabla `mensaje`
--

DROP TABLE IF EXISTS `mensaje`;
CREATE TABLE IF NOT EXISTS `mensaje` (
  `id_mensaje` int(11) NOT NULL AUTO_INCREMENT,
  `id_viaje` int(11) NOT NULL,
  `id_conductor` int(11) NOT NULL,
  `id_pasajero` int(11) NOT NULL,
  `emisor` varchar(15) NOT NULL,
  `mensaje` varchar(500) NOT NULL,
  `fecha_registro` TIMESTAMP DEFAULT CURRENT_TIMESTAMP,
  PRIMARY KEY (`id_mensaje`)
) ENGINE=InnoDB DEFAULT CHARSET=utf8;

--
-- Estructura de tabla para la tabla `administrador`
--

DROP TABLE IF EXISTS `administrador`;
CREATE TABLE IF NOT EXISTS `administrador` (
  `id_administrador` int(11) NOT NULL AUTO_INCREMENT,
  `usuario` varchar(50) NOT NULL,
  `password` varchar(300) NOT NULL,
  PRIMARY KEY (`id_administrador`)
) ENGINE=InnoDB DEFAULT CHARSET=utf8;

-- --------------------------------------------------------
-- Insertar datos---------
INSERT INTO coordenada_escuela (nombre_coordenada, lat_lon) VALUES
('Agronomía', '22.724749,-102.687023'),
('Antropología (Campus II)', '22.768305,-102.558100'),
('Artes (Campus II)', '22.769168, -102.556839'),
('Ciencias Biologícas (Campus II)', ' 22.770150,-102.558927'),
('Ciencias de la tierra', '22.766064,-102.558738'),
('Ciencias sociales (Campus II)', '22.768954,-102.557647'),
('Ciencias Químicas (Campus Siglo XXI)', '22.769282,-102.642063'),
('Contaduria y Administración (Campus II)', '22.767200,-102.557049'),
('Cultura', '22.769933,-102.566339'),
('Derecho', '22.768226,-102.565296'),
('Docencia Superior (Campus II)', '22.768730,-102.558218'),
('Economía (Campus II)', '22.770646,-102.553811'),
('Enfermería (Campus Siglo XXI)', '22.769282,-102.642063'),
('Humanidades', '22.773314,-102.575169'),
('Estudios del Desarrollo (Campus II)', '22.769969,-102.557280'),
('Estudios Nucleares', '22.769542,-102.565516'),
('Filosofía (Campus II)', '22.768080,-102.557953'),
('Física (Campus II)', '22.770647,-102.557594'),
('Historia (Campus II)', '22.768273,-102.558036'),
('Ingeniería Eléctrica', '22.768453,-102.565967'),
('Letras (Campus II)', '22.768034,-102.558326'),
('Matemáticas (Campus II)', '22.770693,-102.558764'),
('Medicina Humana (Campus Siglo XXI)', '22.769282,-102.642063'),
('Medicina Veterinaria y Zootecnia', '22.972396,-102.720157'),
('Odontología', '22.753799,-102.524769'),
('Odontología (Campus Siglo XXI)', '22.769282,-102.642063'),
('Psicología', '22.769082,-102.556172'),
('Preparatoria I', '22.775702,-102.573978'),
('Preparatoria I (Campus Siglo XXI)', '22.769282,-102.642063'),
('Preparatoria II', '22.769416,-102.552156'),
('Preparatoria II Extensión', '22.756881,-102.510923'),
('Preparatoria IV', '22.760545,-102.577853'),
('Ingeniería de Software', '22.773042,-102.644243');


INSERT INTO marca (id_marca, nombre) VALUES
(1,'Audi'),
(2,'Bmw'),
(3,'Cadillac'),
(4,'Chevrolet'),
(5,'Chrysler'),
(6,'Dodge'),
(7,'Fiat'),
(8,'Ford'),
(9,'Honda'),
(10,'Hyundai'),
(11,'Jeep'),
(12,'Kia'),
(13,'Mazda'),
(14,'Mitsubishi'),
(15,'Nissan'),
(16,'Peugeot'),
(17,'Renault'),
(18,'Seat'),
(19,'Suzuki'),
(20,'Toyota'),
(21,'Volkswagen');


INSERT INTO modelo (id_modelo,id_marca, nombre) VALUES
(1001,1,'80'),
(1002,1,'A4'),
(1003,1,'A6'),
(1004,1,'S6'),
(1005,1,'Coupe'),
(1006,1,'S2'),
(1007,1,'Rs2'),
(1008,1,'A8'),
(1009,1,'Cabriolet'),
(1010,1,'S8'),
(1011,1,'A3'),
(1012,1,'S4'),
(1013,1,'Tt'),
(1014,1,'S3'),
(1015,1,'Allroad Quattro'),
(1016,1,'Rs4'),
(1017,1,'A2'),
(1018,1,'Rs6'),
(1019,1,'Q7'),
(1020,1,'R8'),
(1021,1,'A5'),
(1022,1,'S5'),
(1023,1,'V8'),
(1024,1,'200'),
(1025,1,'100'),
(1026,1,'90'),
(1027,1,'Tts'),
(1028,1,'Q5'),
(1029,1,'A4 Allroad Quattro'),
(1030,1,'Tt Rs'),
(1031,1,'Rs5'),
(1032,1,'A1'),
(1033,1,'A7'),
(1034,1,'Rs3'),
(1035,1,'Q3'),
(1036,1,'A6 Allroad Quattro'),
(1037,1,'S7'),
(2001,2,'Serie 3'),
(2002,2,'Serie 5'),
(2003,2,'Compact'),
(2004,2,'Serie 7'),
(2005,2,'Serie 8'),
(2006,2,'Z3'),
(2007,2,'Z4'),
(2008,2,'Z8'),
(2009,2,'X5'),
(2010,2,'Serie 6'),
(2011,2,'X3'),
(2012,2,'Serie 1'),
(2013,2,'Z1'),
(2014,2,'X6'),
(2015,2,'X1'),
(3001,3,'Seville'),
(3002,3,'Sts'),
(3003,3,'El Dorado'),
(3004,3,'Cts'),
(3005,3,'Xlr'),
(3006,3,'Srx'),
(3007,3,'Escalade'),
(3008,3,'Bls'),
(4001,4,'Cavalier'),
(4002,4,'Corvette'),
(4003,4,'Corsa'),
(4004,4,'Beat'),
(4005,4,'Blazer'),
(4006,4,'Astro'),
(4007,4,'Nubira'),
(4008,4,'Evanda'),
(4009,4,'Trans Sport'),
(4010,4,'Camaro'),
(4011,4,'Matiz'),
(4012,4,'Alero'),
(4013,4,'Tahoe'),
(4014,4,'Tacuma'),
(4015,4,'Trailblazer'),
(4016,4,'Kalos'),
(4017,4,'Aveo'),
(4018,4,'Lacetti'),
(4019,4,'Epica'),
(4020,4,'Captiva'),
(4021,4,'Hhr'),
(4022,4,'Cruze'),
(4023,4,'Spark'),
(4024,4,'Sonic'),
(4025,4,'Orlando'),
(4026,4,'Volt'),
(4027,4,'Malibu'),
(5001,5,'Vision'),
(5002,5,'300m'),
(5003,5,'Grand Voyager'),
(5004,5,'Viper'),
(5005,5,'Neon'),
(5006,5,'Voyager'),
(5007,5,'Stratus'),
(5008,5,'Sebring'),
(5009,5,'Sebring 200c'),
(5010,5,'New Yorker'),
(5011,5,'Pt Cruiser'),
(5012,5,'Crossfire'),
(5013,5,'300c'),
(5014,5,'Le Baron'),
(5015,5,'Saratoga'),
(6001,6,'Attitude'),
(6002,6,'Challenger'),
(6003,6,'Charger'),
(6004,6,'Durango'),
(6005,6,'Neon'),
(6006,6,'Viper'),
(6007,6,'Caliber'),
(6008,6,'Nitro'),
(6009,6,'Avenger'),
(6010,6,'Journey'),
(7001,7,'Croma'),
(7002,7,'Cinquecento'),
(7003,7,'Seicento'),
(7004,7,'Punto'),
(7005,7,'Grande Punto'),
(7006,7,'Panda'),
(7007,7,'Tipo'),
(7008,7,'Coupe'),
(7009,7,'Uno'),
(7010,7,'Ulysse'),
(7011,7,'Tempra'),
(7012,7,'Marea'),
(7013,7,'Barchetta'),
(7014,7,'Bravo'),
(7015,7,'Stilo'),
(7016,7,'Brava'),
(7017,7,'Palio'),
(7018,7,'600'),
(7019,7,'Multipla'),
(7020,7,'Idea'),
(7021,7,'Sedici'),
(7022,7,'Linea'),
(7023,7,'500'),
(7024,7,'Fiorino'),
(7025,7,'Ducato'),
(7026,7,'Doblo Cargo'),
(7027,7,'Doblo'),
(7028,7,'Strada'),
(7029,7,'Regata'),
(7030,7,'Talento'),
(7031,7,'Argenta'),
(7032,7,'Ritmo'),
(7033,7,'Punto Classic'),
(7034,7,'Qubo'),
(7035,7,'Punto Evo'),
(7036,7,'500c'),
(7037,7,'Freemont'),
(7038,7,'Panda Classic'),
(7039,7,'500l'),
(7040,7,'Siena'),
(8001,8,'Maverick'),
(8002,8,'Escort'),
(8003,8,'Focus'),
(8004,8,'Mondeo'),
(8005,8,'Scorpio'),
(8006,8,'Fiesta'),
(8007,8,'Probe'),
(8008,8,'Explorer'),
(8009,8,'Galaxy'),
(8010,8,'Ka'),
(8011,8,'Puma'),
(8012,8,'Cougar'),
(8013,8,'Focus Cmax'),
(8014,8,'Fusion'),
(8015,8,'Streetka'),
(8016,8,'Cmax'),
(8017,8,'Smax'),
(8018,8,'Transit'),
(8019,8,'Courier'),
(8020,8,'Ranger'),
(8021,8,'Sierra'),
(8022,8,'Orion'),
(8023,8,'Pick Up'),
(8024,8,'Capri'),
(8025,8,'Granada'),
(8026,8,'Kuga'),
(8027,8,'Grand Cmax'),
(8028,8,'Bmax'),
(8029,8,'Tourneo Custom'),
(9001,9,'Accord'),
(9002,9,'Civic'),
(9003,9,'City'),
(9004,9,'Crx'),
(9005,9,'Prelude'),
(9006,9,'Nsx'),
(9007,9,'Legend'),
(9008,9,'Crv'),
(9009,9,'Hrv'),
(9010,9,'Logo'),
(9011,9,'S2000'),
(9012,9,'Stream'),
(9013,9,'Jazz'),
(9014,9,'Frv'),
(10001,10,'Lantra'),
(10002,10,'Sonata'),
(10003,10,'Elantra'),
(10004,10,'Accent'),
(10005,10,'Scoupe'),
(10006,10,'Coupe'),
(10007,10,'Atos'),
(10008,10,'H1'),
(10009,10,'Atos Prime'),
(10010,10,'Xg'),
(10011,10,'Trajet'),
(10012,10,'Santa Fe'),
(10013,10,'Terracan'),
(10014,10,'Matrix'),
(10015,10,'Getz'),
(10016,10,'Tucson'),
(10017,10,'I30'),
(10018,10,'Pony'),
(10019,10,'Grandeur'),
(10020,10,'I10'),
(10021,10,'I800'),
(10022,10,'Sonata Fl'),
(10023,10,'Ix55'),
(10024,10,'I20'),
(10025,10,'Ix35'),
(10026,10,'Ix20'),
(10027,10,'Genesis'),
(10028,10,'I40'),
(10029,10,'Veloster'),
(11001,11,'Wrangler'),
(11002,11,'Cherokee'),
(11003,11,'Grand Cherokee'),
(11004,11,'Commander'),
(11005,11,'Compass'),
(11006,11,'Wrangler Unlimited'),
(11007,11,'Patriot'),
(12001,12,'Sportage'),
(12002,12,'Sephia'),
(12003,12,'Sephia Ii'),
(12004,12,'Pride'),
(12005,12,'Clarus'),
(12006,12,'Shuma'),
(12007,12,'Carnival'),
(12008,12,'Joice'),
(12009,12,'Magentis'),
(12010,12,'Carens'),
(12011,12,'Rio'),
(12012,12,'Cerato'),
(12013,12,'Sorento'),
(12014,12,'Opirus'),
(12015,12,'Picanto'),
(12016,12,'Ceed'),
(12017,12,'Ceed Sporty Wagon'),
(12018,12,'Proceed'),
(12019,12,'K2500 Frontier'),
(12020,12,'K2500'),
(12021,12,'Soul'),
(12022,12,'Venga'),
(12023,12,'Optima'),
(12024,12,'Ceed Sportswagon'),
(13001,13,'Xedos 6'),
(13002,13,'626'),
(13003,13,'121'),
(13004,13,'Xedos 9'),
(13005,13,'323'),
(13006,13,'Mx3'),
(13007,13,'Rx7'),
(13008,13,'Mx5'),
(13009,13,'Mazda3'),
(13010,13,'Mpv'),
(13011,13,'Demio'),
(13012,13,'Premacy'),
(13013,13,'Tribute'),
(13014,13,'Mazda6'),
(13015,13,'Mazda2'),
(13016,13,'Rx8'),
(13017,13,'Mazda5'),
(13018,13,'Cx7'),
(13019,13,'Serie B'),
(13020,13,'B2500'),
(13021,13,'Bt50'),
(13022,13,'Mx6'),
(13023,13,'929'),
(13024,13,'Cx5'),
(14001,14,'Montero'),
(14002,14,'Galant'),
(14003,14,'Colt'),
(14004,14,'Space Wagon'),
(14005,14,'Space Runner'),
(14006,14,'Space Gear'),
(14007,14,'3000 Gt'),
(14008,14,'Carisma'),
(14009,14,'Eclipse'),
(14010,14,'Space Star'),
(14011,14,'Montero Sport'),
(14012,14,'Montero Io'),
(14013,14,'Outlander'),
(14014,14,'Lancer'),
(14015,14,'Grandis'),
(14016,14,'L200'),
(14017,14,'Canter'),
(14018,14,'300 Gt'),
(14019,14,'Asx'),
(14020,14,'Imiev'),
(15001,15,'Terrano'),
(15002,15,'Micra'),
(15003,15,'Sentra'),
(15004,15,'Versa'),
(15005,15,'March'),
(15006,15,'Altima'),
(15007,15,'Sunny'),
(15008,15,'Primera'),
(15009,15,'Serena'),
(15010,15,'Patrol'),
(15011,15,'200 Sx'),
(15012,15,'300 Zx'),
(15013,15,'100 Nx'),
(15014,15,'Almera'),
(15015,15,'Pathfinder'),
(15016,15,'Almera Tino'),
(15017,15,'Xtrail'),
(15018,15,'350z'),
(15019,15,'Murano'),
(15020,15,'Note'),
(15021,15,'Qashqai'),
(15022,15,'Tiida'),
(15023,15,'Tsuru'),
(15024,15,'Vanette'),
(15025,15,'Trade'),
(15026,15,'Vanette Cargo'),
(15027,15,'Pickup'),
(15028,15,'Navara'),
(15029,15,'Cabstar'),
(15030,15,'Maxima'),
(15031,15,'Camion'),
(15032,15,'Prairie'),
(15033,15,'Bluebird'),
(15034,15,'Qashqai2'),
(15035,15,'Pixo'),
(15036,15,'Gtr'),
(15037,15,'370z'),
(15038,15,'Cube'),
(15039,15,'Juke'),
(15040,15,'Leaf'),
(15041,15,'Evalia'),
(16001,16,'306'),
(16002,16,'605'),
(16003,16,'106'),
(16004,16,'205'),
(16005,16,'405'),
(16006,16,'406'),
(16007,16,'806'),
(16008,16,'807'),
(16009,16,'407'),
(16010,16,'307'),
(16011,16,'206'),
(16012,16,'607'),
(16013,16,'308'),
(16014,16,'307 Sw'),
(16015,16,'206 Sw'),
(16016,16,'407 Sw'),
(16017,16,'1007'),
(16018,16,'107'),
(16019,16,'207'),
(16020,16,'4007'),
(16021,16,'Boxer'),
(16022,16,'Partner'),
(16023,16,'J5'),
(16024,16,'604'),
(16025,16,'505'),
(16026,16,'309'),
(16027,16,'Bipper'),
(16028,16,'Partner Origin'),
(16029,16,'3008'),
(16030,16,'5008'),
(16031,16,'Rcz'),
(16032,16,'508'),
(16033,16,'Ion'),
(16034,16,'208'),
(16035,16,'4008'),
(17001,17,'Megane'),
(17002,17,'Safrane'),
(17003,17,'Laguna'),
(17004,17,'Clio'),
(17005,17,'Twingo'),
(17006,17,'Nevada'),
(17007,17,'Espace'),
(17008,17,'Spider'),
(17009,17,'Scenic'),
(17020,17,'Grand Espace'),
(17021,17,'Avantime'),
(17022,17,'Vel Satis'),
(17023,17,'Grand Scenic'),
(17024,17,'Clio Campus'),
(17025,17,'Modus'),
(17026,17,'Express'),
(17027,17,'Trafic'),
(17028,17,'Master'),
(17029,17,'Kangoo'),
(17030,17,'Mascott'),
(17031,17,'Master Propulsion'),
(17032,17,'Maxity'),
(17033,17,'R19'),
(17034,17,'R25'),
(17035,17,'R5'),
(17036,17,'R21'),
(17037,17,'R4'),
(17038,17,'Alpine'),
(17039,17,'Fuego'),
(17040,17,'R18'),
(17041,17,'R11'),
(17042,17,'R9'),
(17043,17,'R6'),
(17044,17,'Grand Modus'),
(17045,17,'Kangoo Combi'),
(17046,17,'Koleos'),
(17047,17,'Fluence'),
(17048,17,'Wind'),
(17049,17,'Latitude'),
(17050,17,'Grand Kangoo Combi'),
(18001,18,'Ibiza'),
(18002,18,'Cordoba'),
(18003,18,'Toledo'),
(18004,18,'Marbella'),
(18005,18,'Alhambra'),
(18006,18,'Arosa'),
(18007,18,'Leon'),
(18008,18,'Altea'),
(18009,18,'Altea Xl'),
(18010,18,'Altea Freetrack'),
(18011,18,'Terra'),
(18012,18,'Inca'),
(18013,18,'Malaga'),
(18014,18,'Ronda'),
(18015,18,'Exeo'),
(18016,18,'Mii'),
(19001,19,'Maruti'),
(19002,19,'Swift'),
(19003,19,'Vitara'),
(19004,19,'Baleno'),
(19005,19,'Samurai'),
(19006,19,'Alto'),
(19007,19,'Wagon R'),
(19008,19,'Jimny'),
(19009,19,'Grand Vitara'),
(19010,19,'Ignis'),
(19011,19,'Liana'),
(19012,19,'Grand Vitara Xl7'),
(19013,19,'Sx4'),
(19015,19,'Splash'),
(19016,19,'Kizashi'),
(20001,20,'Carina E'),
(20002,20,'4runner'),
(20003,20,'Camry'),
(20004,20,'Rav4'),
(20005,20,'Celica'),
(20006,20,'Supra'),
(20007,20,'Paseo'),
(20008,20,'Land Cruiser 80'),
(20009,20,'Land Cruiser 100'),
(20010,20,'Land Cruiser'),
(20011,20,'Land Cruiser 90'),
(20012,20,'Corolla'),
(20013,20,'Auris'),
(20014,20,'Avensis'),
(20015,20,'Picnic'),
(20016,20,'Yaris'),
(20017,20,'Yaris Verso'),
(20018,20,'Mr2'),
(20019,20,'Previa'),
(20020,20,'Prius'),
(20021,20,'Avensis Verso'),
(20022,20,'Corolla Verso'),
(20023,20,'Corolla Sedan'),
(20024,20,'Aygo'),
(20025,20,'Hilux'),
(20026,20,'Dyna'),
(20027,20,'Land Cruiser 200'),
(20028,20,'Verso'),
(20029,20,'Iq'),
(20030,20,'Urban Cruiser'),
(20031,20,'Gt86'),
(21002,21,'Passat'),
(21003,21,'Golf'),
(21004,21,'Gol'),
(21005,21,'Vento'),
(21006,21,'Polo'),
(21007,21,'Corrado'),
(21008,21,'Sharan'),
(21009,21,'Lupo'),
(21010,21,'Bora'),
(21011,21,'Jetta'),
(21012,21,'New Beetle'),
(21013,21,'Phaeton'),
(21014,21,'Touareg'),
(21015,21,'Touran'),
(21016,21,'Multivan'),
(21017,21,'Caddy'),
(21018,21,'Golf Plus'),
(21019,21,'Fox'),
(21020,21,'Eos'),
(21021,21,'Caravelle'),
(21022,21,'Tiguan'),
(21023,21,'Transporter'),
(21024,21,'Lt'),
(21025,21,'Taro'),
(21026,21,'Crafter'),
(21027,21,'California'),
(21028,21,'Santana'),
(21029,21,'Scirocco'),
(21030,21,'Passat Cc'),
(21031,21,'Amarok'),
(21032,21,'Beetle'),
(21033,21,'Up'),
(21034,21,'Cc');
